ID_Ra; Navn; Kategori;Produkt;Kategori;CO2;Energi;Fedt;Kulhydrat;Protein;
Ra00001;Peberfrugt, rød, rå;Grøntsager;Peberfrugt;Grøntsager og grøntsagsprodukter;1,07;133;0,1;5,2;0,9;
Ra00002;Tomat, uspec., rå;Grøntsager;Tomat;Grøntsager og grøntsagsprodukter;0,48;87;0,1;3,2;0,8;
Ra00003;Squash, rå;Grøntsager;Squash;Grøntsager og grøntsagsprodukter;0,84;81;0,2;2,4;1,4;
Ra00004;Aubergine, rå;Grøntsager;Aubergine;Grøntsager og grøntsagsprodukter;0,99;83;0,1;3,1;0,9;
Ra00005;Tomat, soltørret;Grøntsager;Tomat, soltørret;Grøntsager og grøntsagsprodukter;2,72;1187;3;43,5;14,1;
Ra00006;Græskar, rå;Grøntsager;Græskar;Grøntsager og grøntsagsprodukter;0,84;75;0,1;3,3;0,6;
Ra00007;Agurk, rå;Grøntsager;Agurk;Grøntsager og grøntsagsprodukter;0,40;50;0;1,6;0,7;
Ra00008;Drueagurk (sylteagurk), rå;Grøntsager;Drueagurk (sylteagurk);Grøntsager og grøntsagsprodukter;0,40;70;0,1;2,1;1,2;
Ra00009;Peber, chili, rå;Grøntsager;Peber, chili;Grøntsager og grøntsagsprodukter;1,07;187;0,2;7,7;2;
Ra00010;Oksekød, inderlår uden kappe, rå;Kød/fjerkræ;Oksekød, inderlår uden kappe;Kød og fjerkræ;67,82;472;2,5;0;22,3;
Ra00011;Oksekød, mørbrad, afpudset, rå;Kød/fjerkræ;Oksekød, mørbrad, afpudset;Kød og fjerkræ;227,85;576;6,4;0;20;
Ra00012;Oksekød, hakket, 10-15% fedt, rå;Kød/fjerkræ;Oksekød, hakket, 10-15% fedt;Kød og fjerkræ;48,04;687;9,7;0;19,4;
Ra00013;Oksekød, culotte, rå;Kød/fjerkræ;Oksekød, culotte;Kød og fjerkræ;67,82;879;14,9;0;19,3;
Ra00014;Oksekød, hakket, 15-20% fedt, rå;Kød/fjerkræ;Oksekød, hakket, 15-20% fedt;Kød og fjerkræ;45,47;903;16,2;0;17,8;
Ra00015;Oksekød, tyndsteg med mørbrad, rå;Kød/fjerkræ;Oksekød, tyndsteg med mørbrad;Kød og fjerkræ;120,83;878;14,4;0;20,3;
Ra00016;Oksekød, hakket, 5-10% fedt, rå;Kød/fjerkræ;Oksekød, hakket, 5-10% fedt;Kød og fjerkræ;50,61;683;9,5;0;19,5;
Ra00017;Øl, pilsner, 4.4 % vol.;Drikkevarer;Øl, pilsner, 4,4 % vol., dåse;Vin, øl og spiritus;0,68;152;0;2,7;0,3;
Ra00018;Øl, hvidtøl, letøl;Drikkevarer;Øl, letøl, 1,7 % vol., dåse;Vin, øl og spiritus;0,68;189;0;8,6;0,3;
Ra00019;Øl, stærk, 7,6 % vol.;Drikkevarer;Øl, stærk, 7,6 % vol., dåse;Vin, øl og spiritus;0,68;260;0;4,6;0,4;
Ra00020;Kiks, Marie;Brød/bageartikler;Kiks, Marie;Brød og bageartikler;2,93;1834;10,6;72,5;7,7;
Ra00021;Kiks, fuldkorns-, digestivetype;Brød/bageartikler;Kiks, fuldkorns-, digestivetype;Brød og bageartikler;2,82;1931;16,5;66,5;7,1;
Ra00022;Småkage, hvede, traditionelle danske, industrifremstillet;Brød/bageartikler;Småkage, hvede, traditionelle danske, industrifremstillet;Brød og bageartikler;3,23;2174;27,1;61,7;5,4;
Ra00023;Småkage, cookie (amerikansk type), industrifremstillet;Brød/bageartikler;Småkage, cookie (amerikansk type), industrifremstillet;Brød og bageartikler;2,82;2139;26,5;58,4;5,9;
Ra00024;Müslibar;Brød/bageartikler;Müslibar;Korn og kornprodukter;4,75;1830;15;57,8;6,7;
Ra00025;Vaffelrør;Brød/bageartikler;Vaffelrør;Brød og bageartikler;2,74;2133;25,7;63;4,6;
Ra00026;Rasp;Brød/bageartikler;Rasp;Brød og bageartikler;1,84;1488;1,5;69,8;11,6;
Ra00027;Knækbrød, rug-, groft;Brød/bageartikler;Knækbrød, rug, groft;Brød og bageartikler;1,62;1449;2;61;10,2;
Ra00028;Hvedebrød, toastbrød, fint, industrifremstillet;Brød/bageartikler;Hvedebrød, toastbrød, fint, industrifremstillet;Brød og bageartikler;1,16;1077;2,8;47;8,7;
Ra00029;Pølsebrød;Brød/bageartikler;Pølsebrød;Brød og bageartikler;1,16;1065;3,8;43,1;9,5;
Ra00030;Grovbolle;Brød/bageartikler;Grovbolle;Brød og bageartikler;1,16;1207;4;49,4;10,5;
Ra00031;Rugbrød, fuldkorn, industrifremstillet;Brød/bageartikler;Rugbrød, fuldkorn, industrifremstillet;Brød og bageartikler;1,02;843;1,4;36,5;5,5;
Ra00032;Rugbrød, revet, med brunt sukker, uspec.;Brød/bageartikler;Rugbrødskrymmel/ymerdrys;Brød og bageartikler;2,21;1473;2;71,2;6,5;
Ra00033;Cornflakes, uspec.;Korn-/gryn-/bælgfrugtprodukter;Cornflakes;Korn og kornprodukter;2,39;1586;1,4;82;7,5;
Ra00034;Müsli, uspec.;Korn-/gryn-/bælgfrugtprodukter;Müsli;Korn og kornprodukter;2,31;1704;11,1;56;10,1;
Ra00035;Morgenmadsprodukt, Guldkorn;Korn-/gryn-/bælgfrugtprodukter;Morgenmadsprodukt, Guldkorn;Korn og kornprodukter;2,68;1638;1,3;78,1;7,2;
Ra00036;Morgenmadsprodukt, Havrefras;Korn-/gryn-/bælgfrugtprodukter;Morgenmadsprodukt, Havrefras;Korn og kornprodukter;2,06;1601;7,2;56,4;14,2;
Ra00037;Smør, saltet;Mælk/æg/erstatningsprodukter;Smør, saltet;Mælk, mejeriprodukter og æg;3,30;3047;81,5;0,6;0,7;
Ra00038;Smørbart blandingsprodukt, 75% fedt;Mælk/æg/erstatningsprodukter;Smørbart blandingsprodukt, 75% fedt;Mælk, mejeriprodukter og æg;3,21;2820;75,5;1,1;0,5;
Ra00039;Skærekage, chokoladekage/-pie;Brød/bageartikler;Skærekage, chokoladekage;Brød og bageartikler;2,32;1808;23,5;48,8;5,8;
Ra00040;Wienerbrød, kanelsnegl;Brød/bageartikler;Wienerbrød, kanelsnegl;Brød og bageartikler;1,90;1747;22,5;47,6;4,9;
Ra00041;Skærekage, formkage, uspec.;Brød/bageartikler;Skærekage, formkage;Brød og bageartikler;2,32;1775;20,2;53,1;5;
Ra00042;Flødeskumskage, lagkagesnitte;Brød/bageartikler;Flødeskumskage, lagkagesnitte;Brød og bageartikler;2,32;1264;16,7;34,4;3,3;
Ra00043;Kage, trøffelprodukt / koldprodukt, industrifremstillet;Brød/bageartikler;Kage, trøffelprodukt / koldprodukt, industrifremstillet;Brød og bageartikler;3,67;1774;17;58,1;4;
Ra00044;Bacon, stegestykke, rå;Kød/fjerkræ;Grisekød, bacon, stegestykke;Kød og fjerkræ;6,43;1775;42;0;13;
Ra00045;Salami;Kød/fjerkræ;Grisekød, spegepølse, salami;Kød og fjerkræ;5,70;2104;49,2;2,8;13,9;
Ra00046;Skinke, kogt, skiveskåret;Kød/fjerkræ;Grisekød, skinke, kogt, pålæg;Kød og fjerkræ;4,28;457;4;0,3;17,9;
Ra00047;Roastbeef, pålæg;Kød/fjerkræ;Oksekød, roastbeef, pålæg;Kød og fjerkræ;67,91;504;3,5;0,3;21,7;
Ra00048;Medisterpølse, rå;Kød/fjerkræ;Grisekød, medisterpølse;Kød og fjerkræ;2,76;907;17,4;4,7;12,2;
Ra00049;Leverpostej;Kød/fjerkræ;Grisekød, leverpostej;Kød og fjerkræ;3,96;989;19,2;4,7;11,3;
Ra00050;Rullepølse, pålæg;Kød/fjerkræ;Grisekød, rullepølse, pålæg;Kød og fjerkræ;4,28;854;22,8;nv;nv;
Ra00051;Pølse, bratwurst, thüringer;Kød/fjerkræ;Grisekød, pølse bratwurst;Kød og fjerkræ;2,16;1172;24,5;1,1;14,4;
Ra00052;Kylling, bryst (filet), kogt, pålæg;Kød/fjerkræ;Kylling, bryst (filet), kogt, pålæg;Kød og fjerkræ;4,78;475;3,2;0,4;20,6;
Ra00053;Kylling, ben, kød og skind, rå;Kød/fjerkræ;Kylling, ben, kød og skind;Kød og fjerkræ;1,98;635;8,7;0;18,4;
Ra00054;Kylling, lår, kød og skind, rå;Kød/fjerkræ;Kylling, lår, kød og skind;Kød og fjerkræ;1,88;647;8,9;0;18,7;
Ra00055;Kylling, bryst, kød og skind, rå;Kød/fjerkræ;Kylling, bryst, kød og skind;Kød og fjerkræ;5,20;623;6,9;0;21,5;
Ra00056;Kyllingepølse, pålæg;Kød/fjerkræ;Kylling, pølse, pålæg;Kød og fjerkræ;1,93;806;15;1,9;12,8;
Ra00057;Høne, kød og skind, rå;Kød/fjerkræ;Kylling, høne, kød og skind;Kød og fjerkræ;3,27;888;15,9;0;17,1;
Ra00058;Te, blade;Drikkevarer;Te, blade;Drikkevarer;16,71;961;2;3;19,6;
Ra00059;Kaffe, instant, pulver;Drikkevarer;Kaffe, instant, pulver;Drikkevarer;17,28;1270;1,7;11;19,5;
Ra00060;Kaffebønne, ristet, formalet;Drikkevarer;Kaffe, bønner, ristet, formalet;Drikkevarer;6,90;1668;15,4;28,5;14,6;
Ra00061;Kakao, instant, uden mælk, pulver;Drikkevarer;Kakao, instant, uden mælk, pulver;Drikkevarer;17,30;1660;3,8;73,6;5,3;
Ra00062;Kakao, pulver;Drikkevarer;Kakao, pulver;Drikkevarer;17,30;1682;21,9;10,5;22,5;
Ra00063;Rullepølse, lammekød, pålæg;Kød/fjerkræ;Lammekød, rullepølse, lammekød, pålæg;Kød og fjerkræ;32,77;1498;31,7;0;19;
Ra00064;Spegepølse, oksekød;Kød/fjerkræ;Oksekød, spegepølse;Kød og fjerkræ;49,16;1681;36,2;0;20,1;
Ra00065;Hamburgerryg, kogt;Kød/fjerkræ;Grisekød, hamburgerryg, kogt;Kød og fjerkræ;4,28;508;4,9;0;18,4;
Ra00066;Dressing, olie-eddike;Krydderier/konserveringsmidler/ekstrakter;Dressing, olie-eddike;Smagsgivere og krydderier;3,43;1446;34,3;9,8;0,6;
Ra00067;Dressing, thousand island;Krydderier/konserveringsmidler/ekstrakter;Dressing, thousand island;Smagsgivere og krydderier;3,11;1547;35,1;12,7;1,1;
Ra00068;Vand, postevand, vejl. Værdier;Drikkevarer;Vand, postevand;Drikkevarer;0,00;0;0;0;0;
Ra00069;And, kød, rå;Kød/fjerkræ;And, kød;Kød og fjerkræ;3,27;530;5,1;0;18,3;
Ra00070;Gås, kød, rå;Kød/fjerkræ;Gås, kød;Kød og fjerkræ;3,27;663;7,1;0;22,8;
Ra00071;Makrelsalat, mayonnaise;Krydderier/konserveringsmidler/ekstrakter;Makrelsalat, mayonnaise;Smagsgivere og krydderier;2,34;1643;39,1;2,5;8,9;
Ra00072;Sauce, gravad laks;Krydderier/konserveringsmidler/ekstrakter;Sennep dild sauce;Smagsgivere og krydderier;1,86;2322;56;13,1;1,6;
Ra00073;Italiensk salat, mayonnaise;Krydderier/konserveringsmidler/ekstrakter;Italiensk salat, mayonnaise;Smagsgivere og krydderier;3,13;1266;29,7;7,2;1,9;
Ra00074;Karrysalat, mayonnaise;Krydderier/konserveringsmidler/ekstrakter;Karrysalat, mayonnaise;Smagsgivere og krydderier;3,13;1548;37,1;8,3;1,7;
Ra00075;Yoghurt naturel, sødmælk;Mælk/æg/erstatningsprodukter;Yoghurt naturel, sødmælk;Mælk, mejeriprodukter og æg;0,73;260;3,6;3,6;3,7;
Ra00076;Creme fraiche 18 %;Mælk/æg/erstatningsprodukter;Creme fraiche 18 %;Mælk, mejeriprodukter og æg;1,57;793;18,6;2,8;2,8;
Ra00077;Skyr, 0.2 % fedt;Mælk/æg/erstatningsprodukter;Skyr, 0,2 % fedt;Mælk, mejeriprodukter og æg;1,03;297;0,2;4;10,8;
Ra00078;Danbo ost, 45+;Mælk/æg/erstatningsprodukter;Danbo ost, 45+;Mælk, mejeriprodukter og æg;5,41;1348;25;0,1;23,2;
Ra00079;Parmesan ost, 32+;Mælk/æg/erstatningsprodukter;Parmesan ost, 32+;Mælk, mejeriprodukter og æg;5,41;1488;24,1;0,1;32,9;
Ra00080;Mozzarella ost, 30+;Mælk/æg/erstatningsprodukter;Mozzarella ost, 30+;Mælk, mejeriprodukter og æg;5,41;1163;17,7;0,1;28,3;
Ra00081;Sild, marineret;Fisk og skaldyr;Sild, marineret;Fisk og skaldyr;5,35;1138;16,2;20,9;11,9;
Ra00082;Fiskeboller, konserves;Fisk og skaldyr;Fiskeboller, konserves;Fisk og skaldyr;2,19;261;1;4,9;8,3;
Ra00083;Fiskefars, rå;Fisk og skaldyr;Fiskefars;Fisk og skaldyr;2,84;466;2,8;12,8;8,5;
Ra00084;Torsk, lever, konserves;Fisk og skaldyr;Torsk, lever, konserves;Fisk og skaldyr;9,03;2192;55,1;1;4,6;
Ra00085;Torsk, rogn, konserves;Fisk og skaldyr;Torskerogn, konserves;Fisk og skaldyr;4,24;417;3,7;2,7;13,7;
Ra00086;Rejer, dybvands-, konserves;Fisk og skaldyr;Rejer, konserves;Fisk og skaldyr;9,71;336;1,2;0,8;16,5;
Ra00087;Torsk, filet, paneret, rå;Fisk og skaldyr;Torsk, filet, paneret;Fisk og skaldyr;2,41;486;0,8;12,9;13,7;
Ra00088;Kaviar, uægte (stenbiderrogn);Fisk og skaldyr;Kaviar, stenbiderrogn;Fisk og skaldyr;4,16;443;5,7;0,8;12,9;
Ra00089;Fiskefrikadelle;Fisk og skaldyr;Fiskefrikadelle;Fisk og skaldyr;3,35;650;6,7;9,8;13,7;
Ra00090;Torsk, lever, røget;Fisk og skaldyr;Torskelever, røget;Fisk og skaldyr;3,58;2568;66,6;1;5,1;
Ra00091;Torsk, lever, rå;Fisk og skaldyr;Torskelever;Fisk og skaldyr;2,81;2568;66,6;1;5,1;
Ra00092;Hummer, konserves;Fisk og skaldyr;Hummer, konserves;Fisk og skaldyr;6,35;379;1,5;0,3;18,7;
Ra00093;Musling, konserves;Fisk og skaldyr;Musling, konserves;Fisk og skaldyr;1,69;433;3;0;17;
Ra00094;Tun i tomat, konserves;Fisk og skaldyr;Tun i tomat, konserves;Fisk og skaldyr;4,48;478;2,9;4,6;17,2;
Ra00095;Torsk, rogn, rå;Fisk og skaldyr;Torskerogn;Fisk og skaldyr;4,15;508;2,6;1,5;23,2;
Ra00096;Krabbekløer, rå;Fisk og skaldyr;Krabbekløer;Fisk og skaldyr;9,77;473;1,8;0;22,9;
Ra00097;Kaviar, uægte (lodderogn);Fisk og skaldyr;Kaviar, lodderogn;Fisk og skaldyr;4,15;770;14;5,7;9,1;
Ra00098;Tun i vand, konserves;Fisk og skaldyr;Tun i vand, konserves;Fisk og skaldyr;4,03;451;1,2;0;23,9;
Ra00099;Hellefisk, røget;Fisk og skaldyr;Hellefisk, røget;Fisk og skaldyr;2,69;838;16,1;0;14,3;
Ra00100;Fiskefilet, paneret, friturestegt;Fisk og skaldyr;Fiskefilet, paneret, friturestegt;Fisk og skaldyr;2,71;1201;16,1;21,9;13,4;
Ra00101;Fiskepinde, panerede, dybfrost;Fisk og skaldyr;Fiskepinde, panerede, dybfrost;Fisk og skaldyr;2,37;787;8,4;15,2;12,8;
Ra00102;Rugmel, groft, fuldkorn;Korn-/gryn-/bælgfrugtprodukter;Rugmel, groft, fuldkorn;Korn og kornprodukter;1,17;1403;2,3;54,8;9,4;
Ra00103;Hvedemel, grahemsmel, fuldkorn;Korn-/gryn-/bælgfrugtprodukter;Hvedemel, grahamsmel, fuldkorn;Korn og kornprodukter;1,24;1398;2,4;46,8;11,4;
Ra00104;Rugkerner, hele/knækkede;Korn-/gryn-/bælgfrugtprodukter;Rugkerner, hele/knækkede;Korn og kornprodukter;1,17;1401;2,3;58,2;9,7;
Ra00105;Hvedekerner, hele/knækkede;Korn-/gryn-/bælgfrugtprodukter;Hvedekerner, hele/knækkede;Korn og kornprodukter;1,24;1438;2;61,9;11,5;
Ra00106;Rismel;Korn-/gryn-/bælgfrugtprodukter;Rismel;Korn og kornprodukter;5,12;1527;1,3;78,9;7,7;
Ra00107;Majsmel;Korn-/gryn-/bælgfrugtprodukter;Majsmel;Korn og kornprodukter;1,61;1528;2,8;88,3;6,8;
Ra00108;Æg, høne, skrabehøns, rå;Mælk/æg/erstatningsprodukter;Æg, skrabeæg;Mælk, mejeriprodukter og æg;0,97;580;9,5;1,1;12,3;
Ra00109;Knude, rå;Fisk og skaldyr;Knude;Fisk og skaldyr;7,14;297;0,5;0;16,4;
Ra00110;Aborre, rå;Fisk og skaldyr;Aborre;Fisk og skaldyr;4,08;327;1,3;0;16,4;
Ra00111;Sandart, rå;Fisk og skaldyr;Sandart;Fisk og skaldyr;3,67;368;0,7;0,5;19,2;
Ra00112;Gedde, rå;Fisk og skaldyr;Gedde;Fisk og skaldyr;3,67;379;1,2;0;19;
Ra00113;Brasen, rå;Fisk og skaldyr;Brasen;Fisk og skaldyr;8,03;452;4;0;16,7;
Ra00114;Bækforel, rå;Fisk og skaldyr;Bækforel;Fisk og skaldyr;6,91;414;2,7;0;18,5;
Ra00115;Ørred, hav-, rå;Fisk og skaldyr;Havørred;Fisk og skaldyr;1,33;553;6,7;0;17,9;
Ra00116;Helt, rå;Fisk og skaldyr;Helt;Fisk og skaldyr;7,14;478;3;0;21,6;
Ra00117;Frugtsaft, blandet, sødet, koncentreret;Drikkevarer;Frugtsaft, blandet, sødet, koncentreret, plastflaske;Drikkevarer;2,52;741;0;43,4;0,2;
Ra00118;Hyldebærsaft, sød, koncentreret;Drikkevarer;Hyldebærsaft, koncentreret, plastflaske;Drikkevarer;4,00;931;0,5;53,2;0,5;
Ra00119;Oliven, grønne, marinerede, konserves;Krydderier/konserveringsmidler/ekstrakter;Oliven, grønne, marinerede, konserves;Grøntsager og grøntsagsprodukter;2,05;554;11,7;5;1;
Ra00120;Pære, konserves;Frugt/grøntsagsprodukter;Pære, konserves;Frugt og frugtprodukter;0,95;299;0,2;15,7;0,3;
Ra00121;Nøddepasta med cacao, smørepålæg;Slik/sukkervarer;Nøddepasta med cacao, smørepålæg;Planteprodukter og -drikke;5,16;2192;30;54,5;7;
Ra00122;Appelsinjuice, konserves;Drikkevarer;Appelsinjuice, plastflaske;Drikkevarer;1,49;180;0,1;8,4;0,6;
Ra00123;Ananas, konserves;Frugt/grøntsagsprodukter;Ananas, konserves;Frugt og frugtprodukter;1,13;269;0,3;3,7;0,4;
Ra00124;Jordbærsyltetøj;Frugt/grøntsagsprodukter;Jordbærsyltetøj;Frugt og frugtprodukter;2,21;857;0,3;49;0,3;
Ra00125;Rosiner, uden kerner;Frugt/grøntsagsprodukter;Rosiner, uden kerner;Frugt og frugtprodukter;3,58;1412;1,6;68,8;3,2;
Ra00126;Hindbærmarmelade;Frugt/grøntsagsprodukter;Hindbærmarmelade;Frugt og frugtprodukter;2,21;860;0,6;48,1;0,6;
Ra00127;Hare, rå;Kød/fjerkræ;Hare, kød;Kød og fjerkræ;3,27;471;1,9;0;21,6;
Ra00128;Kanin, kød, rå;Kød/fjerkræ;Kanin, kød;Kød og fjerkræ;3,27;495;4;0;20,4;
Ra00129;Fasan, kød og skind, rå;Kød/fjerkræ;Fasan, kød og skind;Kød og fjerkræ;3,27;712;9,3;0;21,7;
Ra00130;Due, vildt, kød og skind, rå;Kød/fjerkræ;Due, vildt, kød og skind;Kød og fjerkræ;3,27;1190;23,8;0;18,2;
Ra00131;Byggryn, rå;Korn-/gryn-/bælgfrugtprodukter;Byggryn;Korn og kornprodukter;1,78;1476;2,4;62,2;9,9;
Ra00132;Havregryn, ikke beriget;Korn-/gryn-/bælgfrugtprodukter;Havregryn, ikke beriget;Korn og kornprodukter;1,94;1541;6,7;57;14,2;
Ra00133;Risengryn, grødris, polerede, rå;Korn-/gryn-/bælgfrugtprodukter;Risengryn, grødris, polerede;Korn og kornprodukter;5,09;1528;1,3;78,1;6,8;
Ra00134;Persille, rå;Grøntsager;Persille;Grøntsager og grøntsagsprodukter;0,45;201;1,1;1,2;3,7;
Ra00135;Dild, rå;Grøntsager;Dild;Grøntsager og grøntsagsprodukter;0,45;201;1,1;4,9;3,5;
Ra00136;Hvidløg, rå;Grøntsager;Hvidløg;Grøntsager og grøntsagsprodukter;1,25;669;0,5;30,9;6,4;
Ra00137;Purløg, rå;Grøntsager;Purløg;Grøntsager og grøntsagsprodukter;0,43;107;0,6;1,5;2,4;
Ra00138;Karse, frisk;Grøntsager;Karse;Grøntsager og grøntsagsprodukter;0,45;111;0,5;0,2;2,8;
Ra00139;Oliven, sorte, uden sten, i saltlage;Krydderier/konserveringsmidler/ekstrakter;Oliven, sorte, uden sten, i saltlage;Grøntsager og grøntsagsprodukter;2,05;463;9,8;2,9;1;
Ra00140;Hasselnød, tørret;Frugt/grøntsagsprodukter;Hasselnød, tørret;Nødder og frø;6,95;2712;60,6;3,3;15,6;
Ra00141;Solsikkefrø, afskallede, tørrede;Frugt/grøntsagsprodukter;Solsikkefrø, afskallede, tørrede;Nødder og frø;3,13;2564;54,4;3,6;24,2;
Ra00142;Sesamfrø, afskallede;Frugt/grøntsagsprodukter;Sesamfrø, afskallede;Nødder og frø;7,30;2657;57,4;1,8;26,8;
Ra00143;Valnødder, tørret;Frugt/grøntsagsprodukter;Valnødder, tørret;Nødder og frø;5,69;2924;64,6;2,8;16,6;
Ra00144;Cashewnødder, tørristet;Frugt/grøntsagsprodukter;Cashewnødder, tørristet;Nødder og frø;12,47;2504;46,4;26,9;18,1;
Ra00145;Græskarkerner, tørret;Frugt/grøntsagsprodukter;Græskarkerner, tørret;Nødder og frø;5,69;2351;45,9;2;36,3;
Ra00146;Honning;Tilberedte/konserverede fødevarer;Honning;Smagsgivere og krydderier;0,81;1391;0;75,1;0,3;
Ra00147;Mælkeis, uspec.;Tilberedte/konserverede fødevarer;Mælkeis;Mælk, mejeriprodukter og æg;2,71;649;3;23,5;4;
Ra00148;Flødeis;Tilberedte/konserverede fødevarer;Flødeis;Mælk, mejeriprodukter og æg;2,71;865;10;25,1;4;
Ra00149;Ispind, limonade;Tilberedte/konserverede fødevarer;Ispind, limonade;Frugt og frugtprodukter;1,25;370;2;16,9;0,5;
Ra00150;Eddike;Krydderier/konserveringsmidler/ekstrakter;Eddike;Smagsgivere og krydderier;1,58;84;0;5,4;0,4;
Ra00151;Salt, bordsalt (jodberiget);Krydderier/konserveringsmidler/ekstrakter;Salt, bordsalt (jodberiget);Smagsgivere og krydderier;0,44;0;0;0;0;
Ra00152;Rabarber, rå;Grøntsager;Rabarber;Grøntsager og grøntsagsprodukter;0,38;108;0,3;1,9;0,9;
Ra00153;Bladselleri, rå;Grøntsager;Bladselleri;Grøntsager og grøntsagsprodukter;0,38;98;0,2;1,9;0,7;
Ra00154;Blomkål, uspecificeret, rå;Grøntsager;Blomkål;Grøntsager og grøntsagsprodukter;0,63;116;0,4;1,9;2,4;
Ra00155;Broccoli, rå;Grøntsager;Broccoli;Grøntsager og grøntsagsprodukter;0,63;148;0,2;2,1;3,6;
Ra00156;Grønkål, rå;Grøntsager;Grønkål;Grøntsager og grøntsagsprodukter;0,29;252;1,1;2;4,7;
Ra00157;Hvidkål, rå;Grøntsager;Hvidkål;Grøntsager og grøntsagsprodukter;0,29;133;0,2;4,5;1,2;
Ra00158;Rosenkål, uspec., rå;Grøntsager;Rosenkål;Grøntsager og grøntsagsprodukter;0,29;223;0,5;4,4;4,5;
Ra00159;Rødkål, rå;Grøntsager;Rødkål;Grøntsager og grøntsagsprodukter;0,29;133;0,2;4;1,5;
Ra00160;Spidskål, rå;Grøntsager;Spidskål;Grøntsager og grøntsagsprodukter;0,29;112;0,3;3;2;
Ra00161;Spinat, rå;Grøntsager;Spinat;Grøntsager og grøntsagsprodukter;0,48;102;0,6;0,2;2,6;
Ra00162;Artiskok, rå;Grøntsager;Artiskok;Grøntsager og grøntsagsprodukter;0,98;218;0,1;8,1;3,3;
Ra00163;Asparges, grønne, rå;Grøntsager;Asparges, grøn;Grøntsager og grøntsagsprodukter;1,08;109;0,3;3,1;1,8;
Ra00164;Salat, Iceberg, rå;Grøntsager;Salat, Iceberg;Grøntsager og grøntsagsprodukter;0,46;65;0,1;2,4;0,8;
Ra00165;Salat, egeløv, rå;Grøntsager;Salat, egeløv;Grøntsager og grøntsagsprodukter;0,46;63;0,1;1,5;1,4;
Ra00166;Paksoi, pak-choi, pai tsai, rå;Grøntsager;Bok choy, pak choi eller pok choi;Grøntsager og grøntsagsprodukter;0,29;61;0,2;1,2;1,5;
Ra00167;Savoykål, rå;Grøntsager;Savoykål;Grøntsager og grøntsagsprodukter;0,29;113;0,1;3;2;
Ra00168;Blomkål, dybfrost;Frugt/grøntsagsprodukter;Blomkål, dybfrost;Grøntsager og grøntsagsprodukter;0,82;115;0,3;3,7;2;
Ra00169;Porre, rå;Grøntsager;Porre;Grøntsager og grøntsagsprodukter;0,43;146;0,2;3,7;2;
Ra00170;Spinat, hakket, dybfrost;Frugt/grøntsagsprodukter;Spinat, hakket, dybfrost;Grøntsager og grøntsagsprodukter;0,64;108;0,5;2,2;2,1;
Ra00171;Broccoli, dybfrost;Frugt/grøntsagsprodukter;Broccoli, dybfrost;Grøntsager og grøntsagsprodukter;0,82;113;0,3;1,8;2,8;
Ra00172;Voksbønner, rå;Grøntsager;Voksbønner;Bælgfrugter og bælgfrugtprodukter;0,95;148;0,2;5,3;2,1;
Ra00173;Grønne ærter, rå;Grøntsager;Grønne ærter;Grøntsager og grøntsagsprodukter;1,27;294;0,7;6,5;5,9;
Ra00174;Grønne linser, tørrede;Korn-/gryn-/bælgfrugtprodukter;Grønne linser, tørrede;Bælgfrugter og bælgfrugtprodukter;3,08;1466;2,5;53,2;26,2;
Ra00175;Kikærter, tørrede, rå;Korn-/gryn-/bælgfrugtprodukter;Kikærter, tørrede;Bælgfrugter og bælgfrugtprodukter;3,60;1541;6,9;45,9;20,4;
Ra00176;Grønne bønner, rå;Grøntsager;Grønne bønner, haricot verts;Grøntsager og grøntsagsprodukter;0,95;126;0,2;5,9;1,9;
Ra00177;Bønnespirer, mung, rå;Frugt/grøntsagsprodukter;Bønnespirer, mung;Grøntsager og grøntsagsprodukter;0,95;143;0,2;4,1;3;
Ra00178;Bønnespirer, uspec., rå;Frugt/grøntsagsprodukter;Bønnespirer;Grøntsager og grøntsagsprodukter;0,95;157;0,3;5,1;3;
Ra00179;Sukkerært (mangetout), rå;Grøntsager;Sukkerært (mangetout);Grøntsager og grøntsagsprodukter;1,34;202;0,3;6,4;3,8;
Ra00180;Sojabønner, tørrede, rå;Korn-/gryn-/bælgfrugtprodukter;Sojabønner, tørrede;Bælgfrugter og bælgfrugtprodukter;1,84;1720;18,4;17,5;35,8;
Ra00181;Grønne ærter, dybfrost;Grøntsager;Grønne ærter, dybfrost;Grøntsager og grøntsagsprodukter;1,62;310;0,7;8,4;6,1;
Ra00182;Mineralvand, dansk vand o.lign.;Drikkevarer;Mineralvand, danskvand, glasflaske;Drikkevarer;0,19;17;0;0;0;
Ra00183;Mineralvand, sodavand, tilsat sukker, uspec.;Drikkevarer;Mineralvand, sodavand, tilsat sukker, uspec.;Drikkevarer;0,59;170;0;9,9;0;
Ra00184;Æblemost, uspec.;Drikkevarer;Æblemost, plastflaske;Drikkevarer;1,68;204;0,1;10,2;0,1;
Ra00185;Sherry, tør;Drikkevarer;Sherry, tør;Vin, øl og spiritus;2,91;487;0;1,3;0,2;
Ra00186;Likør, kaffe med fløde;Drikkevarer;Likør, kaffe med fløde;Vin, øl og spiritus;3,56;1382;15,7;20;2,8;
Ra00187;Margarine, 70 %, bordbrug, blød, vegetabilsk fedt;Mælk/æg/erstatningsprodukter;Margarine, 70 %, bordbrug, blød, vegetabilsk fedt;Planteprodukter og -drikke;2,49;2806;70,6;0;0,8;
Ra00188;Hornfisk, rå;Fisk og skaldyr;Hornfisk;Fisk og skaldyr;2,63;450;3,2;0;19,5;
Ra00189;Laks, atlantisk, vild, rå;Fisk og skaldyr;Laks, atlantisk, vild;Fisk og skaldyr;2,09;666;7,5;0;18,4;
Ra00190;Makrel, rå;Fisk og skaldyr;Makrel;Fisk og skaldyr;1,98;780;12,9;0;17,8;
Ra00191;Rødspætte, rå;Fisk og skaldyr;Rødspætte;Fisk og skaldyr;2,81;369;1,9;0;17,5;
Ra00192;Sild, rå;Fisk og skaldyr;Sild;Fisk og skaldyr;2,23;784;13,6;0;16,5;
Ra00193;Mørksej, rå;Fisk og skaldyr;Mørksej;Fisk og skaldyr;2,81;333;0,7;0;18,1;
Ra00194;Torsk, filet, rå;Fisk og skaldyr;Torsk, filet;Fisk og skaldyr;2,81;320;0,6;0;17,6;
Ra00195;Rødspætte, filet, paneret, dybfrost;Fisk og skaldyr;Rødspætte, filet, paneret, dybfrost;Fisk og skaldyr;2,45;577;1,1;19,1;11,9;
Ra00196;Sej, filet, dybfrost;Fisk og skaldyr;Sej, filet, dybfrost;Fisk og skaldyr;2,71;387;0,9;0;20,5;
Ra00197;Tun, rå;Fisk og skaldyr;Tun;Fisk og skaldyr;3,10;496;1,1;0;26,8;
Ra00198;Laks, atlantisk, opdræt, koldrøget;Fisk og skaldyr;Laks, atlantisk, opdræt, koldrøget;Fisk og skaldyr;2,78;711;8,9;1,6;20,9;
Ra00199;Laks, atlantisk, opdræt, varmrøget;Fisk og skaldyr;Laks, atlantisk, opdræt, varmrøget;Fisk og skaldyr;3,08;1108;20,7;0;20,1;
Ra00200;Laks, atlantisk, opdræt, rå;Fisk og skaldyr;Laks, atlantisk, opdræt;Fisk og skaldyr;2,09;947;18,3;0;15,8;
Ra00201;Mayonnaise, fedtreduceret;Krydderier/konserveringsmidler/ekstrakter;Mayonnaise, fedtreduceret;Smagsgivere og krydderier;1,17;1899;51,3;0;0;
Ra00202;Mayonnaise;Krydderier/konserveringsmidler/ekstrakter;Mayonnaise;Smagsgivere og krydderier;3,13;3002;80;0,1;1,1;
Ra00203;Remoulade, uspec.;Krydderier/konserveringsmidler/ekstrakter;Remoulade, uspec.;Smagsgivere og krydderier;1,86;1568;36,8;12;1,1;
Ra00204;Østers, rå;Fisk og skaldyr;Østers;Fisk og skaldyr;0,84;258;1,5;4,2;7,8;
Ra00205;Musling, rå;Fisk og skaldyr;Musling;Fisk og skaldyr;0,19;348;2,2;0;11,9;
Ra00206;Blæksprutte, rå;Fisk og skaldyr;Blæksprutte;Fisk og skaldyr;0,38;324;0,9;1,5;16,4;
Ra00207;Champignon, rå;Grøntsager;Champignon;Svampe og svampeprodukter;0,38;110;0,3;0;2,9;
Ra00208;Østershatte;Grøntsager;Østershat;Svampe og svampeprodukter;0,38;182;0,4;6,5;3,3;
Ra00209;Mandeldrik, ikke beriget;Mælk/æg/erstatningsprodukter;Mandeldrik, ikke beriget;Planteprodukter og -drikke;0,53;196;2,2;4,3;0,8;
Ra00210;Risdrik, tilsat calcium;Mælk/æg/erstatningsprodukter;Risdrik, tilsat calcium;Planteprodukter og -drikke;1,40;230;0,9;6,9;0,1;
Ra00211;Havredrik, tilsat calcium;Mælk/æg/erstatningsprodukter;Havredrik, tilsat calcium;Planteprodukter og -drikke;0,40;190;1,6;5,6;0,6;
Ra00212;Sojadrik, tilsat calcium;Mælk/æg/erstatningsprodukter;Sojadrik, tilsat calcium;Planteprodukter og -drikke;0,46;190;1,9;3,3;3,6;
Ra00213;Bouillon, hønsekød, spiseklar;Krydderier/konserveringsmidler/ekstrakter;Bouillon, hønsekød, spiseklar;Smagsgivere og krydderier;0,35;18;0,2;0,3;0,3;
Ra00214;Kødboller, konserves;Tilberedte/konserverede fødevarer;Kødboller, okse/gris, konserves;Kød og fjerkræ;16,13;525;9,6;2,9;7,1;
Ra00215;Bouillon, oksekød, spiseklar;Krydderier/konserveringsmidler/ekstrakter;Bouillon, oksekød, spiseklar;Smagsgivere og krydderier;0,55;30;0,2;0,1;1,1;
Ra00216;Kødboller, uspec.;Kød/fjerkræ;Kødboller, okse/gris;Kød og fjerkræ;16,13;603;9,5;6;8,8;
Ra00217;Melboller, uspec.;Tilberedte/konserverede fødevarer;Melboller, uspec.;Korn og kornprodukter;1,33;764;11,6;12,8;5,4;
Ra00218;Kødboller, dybfrost;Tilberedte/konserverede fødevarer;Kødboller, okse/gris, dybfrost;Kød og fjerkræ;15,79;679;9,4;9;10,5;
Ra00219;Tomatsuppe, spiseklar;Tilberedte/konserverede fødevarer;Tomatsuppe, spiseklar;Færdigretter;2,19;304;1,5;12,7;1,6;
Ra00220;Bouillon, oksekød, koncentreret, terning;Krydderier/konserveringsmidler/ekstrakter;Bouillon, oksekød, koncentreret, terning;Smagsgivere og krydderier;9,94;676;3,2;12;17;
Ra00221;Melboller, dybfrost;Tilberedte/konserverede fødevarer;Melboller, dybfrost;Korn og kornprodukter;1,37;792;13;9,8;7;
Ra00222;Kylling, grillstegt, fastfood;Tilberedte/konserverede fødevarer;Kylling, grillstegt, færdigret;Færdigretter;4,71;888;11,2;0;28;
Ra00223;Kyllingenuggets, friturestegt, færdigretter;Tilberedte/konserverede fødevarer;Kylling, nuggets friturestegt, færdigretter;Kød og fjerkræ;4,34;1171;16,1;19,1;14,7;
Ra00224;Pizza med tomat og ost, færdigretter;Brød/bageartikler;Pizza med tomat og ost, færdigretter;Færdigretter;2,44;1351;13,5;35,7;13,3;
Ra00225;Pizza med fisk, tomat og ost, færdigretter;Brød/bageartikler;Pizza med fisk, tomat og ost, færdigretter;Færdigretter;3,63;1073;10;26,7;13,8;
Ra00226;Pizza med salami, tomat og ost, færdigretter;Brød/bageartikler;Pizza med salami, tomat og ost, færdigretter;Færdigretter;3,04;1308;14,5;31,7;12,8;
Ra00227;Pizza med grønt og frugt, tomat og ost, færdigretter;Brød/bageartikler;Pizza med grønt og frugt, tomat og ost, færdigretter;Færdigretter;2,32;921;8,4;26,8;8,1;
Ra00228;Pizza med kød, tomat og ost, færdigretter;Brød/bageartikler;Pizza med kød, tomat og ost, færdigretter;Færdigretter;4,56;1081;9,8;29,5;11,8;
Ra00229;Pizza med kød og fisk, tomat og ost, færdigretter;Brød/bageartikler;Pizza med kød og fisk, tomat og ost, færdigretter;Færdigretter;4,10;958;9,3;22,4;12,8;
Ra00230;Kalv og flæsk, hakket, 15-20% fedt, råt;Kød/fjerkræ;Kalv og flæsk, hakket, 15-20% fedt;Kød og fjerkræ;22,04;904;16,4;0;17,6;
Ra00231;Gedemælk;Mælk/æg/erstatningsprodukter;Gedemælk;Mælk, mejeriprodukter og æg;2,80;289;4,1;4,4;3,5;
Ra00232;Marcipan;Slik/sukkervarer;Marcipan;Brød og bageartikler;12,08;1997;26,5;42;13,3;
Ra00233;Sirup;Slik/sukkervarer;Sirup;Slik og sukkervarer;1,75;1307;0;76,7;0,3;
Ra00234;Pasta, rå;Tilberedte/konserverede fødevarer;Pasta;Korn og kornprodukter;2,05;1532;1,8;73,9;13,5;
Ra00235;Æble, uspec., råt;Frugt/grøntsagsprodukter;Æble;Frugt og frugtprodukter;0,61;233;0,2;10,9;0,3;
Ra00236;Pære, rå;Frugt/grøntsagsprodukter;Pære;Frugt og frugtprodukter;0,46;207;0,1;8,3;0,3;
Ra00237;Vindrue, rå;Frugt/grøntsagsprodukter;Vindrue;Frugt og frugtprodukter;0,88;285;0;15,3;0,6;
Ra00238;Grisekød, nakkekam med svær, rå;Kød/fjerkræ;Grisekød, flæskesteg, nakkekam med svær;Kød og fjerkræ;4,64;1139;23,4;0;16,1;
Ra00239;Skinke, inderlår, helt afpudset, rå;Kød/fjerkræ;Grisekød, skinke, inderlår, afpudset;Kød og fjerkræ;4,64;446;2,2;0;21,4;
Ra00240;Grisefilet, helt afpudset, rå;Kød/fjerkræ;Grisekød, filet, afpudset;Kød og fjerkræ;5,53;450;1,9;0;22,3;
Ra00241;Grisemørbrad, afpudset, rå;Kød/fjerkræ;Grisekød, mørbrad, afpudset;Kød og fjerkræ;7,32;484;3,3;0;21,2;
Ra00242;Grisekød, hakket, 5-10% fedt, råt;Kød/fjerkræ;Grisekød, hakket, 5-10% fedt;Kød og fjerkræ;3,67;726;11,2;0;18,4;
Ra00243;Grisekød, nakkefilet, helt afpudset (Nakkekotelet), rå;Kød/fjerkræ;Grisekød, nakkefilet, afpudset (Nakkekotelet);Kød og fjerkræ;4,69;756;12,4;0;17,4;
Ra00244;Grisekød, hakket, 15-20% fedt, råt;Kød/fjerkræ;Grisekød, hakket, 15-20% fedt;Kød og fjerkræ;3,75;929;17,2;0;17,1;
Ra00245;Millionbøf, uspec., færdigretter;Kød/fjerkræ;Millionbøf, uspec., færdigretter;Færdigretter;19,74;528;8,3;4,9;8,1;
Ra00246;Forloren skildpadde, uspec., færdigretter;Kød/fjerkræ;Forloren skildpadde, uspec., færdigretter;Færdigretter;26,36;457;6,2;5,5;7,9;
Ra00247;Forårsrulle, dybfrost, færdigretter;Tilberedte/konserverede fødevarer;Forårsrulle, dybfrost, færdigretter;Færdigretter;3,11;631;6,8;15,5;5,8;
Ra00248;Grisekød i karrysovs, dybfrost, færdigretter;Kød/fjerkræ;Grisekød i karrysovs, dybfrost, færdigretter;Færdigretter;4,72;497;8,6;2;8,5;
Ra00249;Pizza romana, dybfrost, færdigretter;Brød/bageartikler;Pizza romana, dybfrost, færdigretter;Færdigretter;2,70;745;5,8;23,1;7,2;
Ra00250;Lever, gris, i flødesovs, dybfrost, færdigretter;Kød/fjerkræ;Lever, gris, i flødesovs, dybfrost, færdigretter;Færdigretter;2,98;519;5,4;6,9;11,9;
Ra00251;Pizza napolitana, dybfrost, færdigretter;Brød/bageartikler;Pizza napolitana, dybfrost, færdigretter;Færdigretter;2,47;761;6,1;21,9;8,6;
Ra00252;Forårsrulle, friturestegt, færdigretter;Tilberedte/konserverede fødevarer;Forårsrulle, friturestegt, færdigretter;Færdigretter;3,11;851;9,8;21,4;6,1;
Ra00253;Pizza med broccoli, dybfrost, færdigretter;Brød/bageartikler;Pizza med broccoli, dybfrost, færdigretter;Færdigretter;2,35;816;6,7;23,6;8,7;
Ra00254;Pizza med tunfisk, dybfrost, færdigretter;Brød/bageartikler;Pizza med tunfisk, dybfrost, færdigretter;Færdigretter;2,29;855;5,7;25,9;11;
Ra00255;Kødrand, dybfrost, færdigretter;Kød/fjerkræ;Kødrand, dybfrost, færdigretter;Færdigretter;2,24;908;15,5;3,9;15,8;
Ra00256;Kartoffel, uspec., rå;Grøntsager;Kartoffel;Grøntsager og grøntsagsprodukter;0,41;326;0,3;17,9;2;
Ra00257;Gulerod, uspec., rå;Grøntsager;Gulerod;Grøntsager og grøntsagsprodukter;0,27;152;0,4;6,2;0,7;
Ra00258;Radise, rå;Grøntsager;Radise;Grøntsager og grøntsagsprodukter;0,45;48;0,1;1,3;0,8;
Ra00259;Rødbede, rå;Grøntsager;Rødbede;Grøntsager og grøntsagsprodukter;0,33;220;0,3;9,9;1,7;
Ra00260;Selleri, rod, rå;Grøntsager;Selleri, knoldselleri, rod;Grøntsager og grøntsagsprodukter;0,38;143;0,3;2;1,8;
Ra00261;Ingefær, rod, rå;Grøntsager;Ingefær, rod;Grøntsager og grøntsagsprodukter;1,27;352;0,8;16,7;1,8;
Ra00262;Fennikel, knold, rå;Grøntsager;Fennikel, knold;Grøntsager og grøntsagsprodukter;0,15;95;0,2;2,9;1,4;
Ra00263;Majroe, rå;Grøntsager;Majroe;Grøntsager og grøntsagsprodukter;0,27;110;0,1;3,8;0,6;
Ra00264;Løg, hakkede, dybfrost;Frugt/grøntsagsprodukter;Løg, hakkede, dybfrost;Grøntsager og grøntsagsprodukter;0,38;117;0,1;5;0,8;
Ra00265;Gulerod, dybfrost;Frugt/grøntsagsprodukter;Gulerod, dybfrost;Grøntsager og grøntsagsprodukter;0,38;124;0,2;4,7;1,1;
Ra00266;Løg, rå;Grøntsager;Løg;Grøntsager og grøntsagsprodukter;0,27;183;0,1;5,4;1,2;
Ra00267;Forårsløg, rå;Grøntsager;Forårsløg;Grøntsager og grøntsagsprodukter;0,81;139;0,2;4,7;1,8;
Ra00268;Maniok, kassava, rå;Grøntsager;Kassava, maniok;Grøntsager og grøntsagsprodukter;0,70;659;0,3;36,3;1,4;
Ra00269;Persillerod, rå;Grøntsager;Persillerod;Grøntsager og grøntsagsprodukter;0,95;232;0,6;8;2,3;
Ra00270;Feta ost 40+;Mælk/æg/erstatningsprodukter;Feta ost 40+;Mælk, mejeriprodukter og æg;1,60;1059;19,2;0,5;19;
Ra00271;Danablu ost 50+;Mælk/æg/erstatningsprodukter;Danablu ost 50+;Mælk, mejeriprodukter og æg;5,41;1450;29,5;0;20,1;
Ra00272;Lammekød, kølle, uspec., rå;Kød/fjerkræ;Lammekød, kølle;Kød og fjerkræ;36,43;749;12;0;17,9;
Ra00273;Lammekød, uspec., råt;Kød/fjerkræ;Lammekød, uspec.;Kød og fjerkræ;36,43;1365;30,5;0;13,9;
Ra00274;Krebs, rå;Fisk og skaldyr;Krebs;Fisk og skaldyr;2,54;287;0,5;1,2;14,6;
Ra00275;Rejer, dybvands-, kogt, dybfrost;Fisk og skaldyr;Rejer, dybvands-, kogt, dybfrost;Fisk og skaldyr;8,40;291;0,8;0;15,3;
Ra00276;Hummer, rå;Fisk og skaldyr;Hummer;Fisk og skaldyr;2,54;393;1,3;0,8;19,6;
Ra00277;Krabbe, kogt;Fisk og skaldyr;Krabbe, kogt;Fisk og skaldyr;4,42;541;5,2;0,5;20,1;
Ra00278;Reje, sort tiger-, opdræt, kogt, dybfrost;Fisk og skaldyr;Rejer, sort tiger-, opdræt, kogt, dybfrost;Fisk og skaldyr;10,04;263;0,3;0;14,8;
Ra00279;Reje, dybvands, kogt, i lage;Fisk og skaldyr;Rejer, dybvands-, kogt, i lage;Fisk og skaldyr;8,40;303;0,9;0,4;15,5;
Ra00280;Pop corn, traditionelle;Tilberedte/konserverede fødevarer;Pop corn, traditionelle;Korn og kornprodukter;1,53;1960;20,2;57,9;9,6;
Ra00281;Peanuts, jordnød, ristet og saltet;Frugt/grøntsagsprodukter;Peanuts, jordnød, ristet og saltet;Nødder og frø;3,47;2614;53,3;8,1;28,4;
Ra00282;Jordbær, rå;Frugt;Jordbær;Frugt og frugtprodukter;0,65;162;0,6;6,1;0,7;
Ra00283;Hindbær, rå;Frugt;Hindbær;Frugt og frugtprodukter;1,20;215;1,3;4;1,4;
Ra00284;Solbær, rå;Frugt;Solbær;Frugt og frugtprodukter;0,80;314;1,3;9,9;1,5;
Ra00285;Blåbær, rå;Frugt;Blåbær;Frugt og frugtprodukter;1,22;219;0,5;10,4;0,7;
Ra00286;Brombær, rå;Frugt;Brombær;Frugt og frugtprodukter;1,38;153;1;4,5;1,4;
Ra00287;Hyben, rå;Frugt;Hyben;Frugt og frugtprodukter;0,72;332;0,5;15;0,6;
Ra00288;Hyldebær, rå;Frugt;Hyldebær;Frugt og frugtprodukter;1,38;281;0,5;11,6;0,7;
Ra00289;Ribs, rå;Frugt;Ribs;Frugt og frugtprodukter;0,80;265;1,7;9,3;1,3;
Ra00290;Stikkelsbær, rå;Frugt;Stikkelsbær;Frugt og frugtprodukter;1,00;185;0,5;7,3;0,9;
Ra00291;Jordbær, dybfrost, usukrede;Frugt/grøntsagsprodukter;Jordbær, dybfrost, usukrede;Frugt og frugtprodukter;0,60;173;0,4;5,9;0,4;
Ra00292;Tranebær, rå;Frugt;Tranebær;Frugt og frugtprodukter;0,79;177;0,1;7,6;0,4;
Ra00293;Blåbær, frosne, usukrede;Frugt/grøntsagsprodukter;Blåbær, frosne, usukrede;Frugt og frugtprodukter;0,99;224;0,6;10,7;0,4;
Ra00294;Hindbær, dybfrost, rå;Frugt/grøntsagsprodukter;Hindbær, dybfrost;Frugt og frugtprodukter;1,34;223;1,3;6,5;1,4;
Ra00295;Flødeost, ost 60+;Mælk/æg/erstatningsprodukter;Flødeost, ost 60+;Mælk, mejeriprodukter og æg;5,41;1379;31,5;2,1;10;
Ra00296;Brie, ost 45+;Mælk/æg/erstatningsprodukter;Brie, ost 45+;Mælk, mejeriprodukter og æg;1,60;1182;22;0,1;20,3;
Ra00297;Hytteost, ost 20+;Mælk/æg/erstatningsprodukter;Hytteost, ost 20+;Mælk, mejeriprodukter og æg;1,60;441;4,4;2,5;13;
Ra00298;Bulgur, parboiled, rå;Korn-/gryn-/bælgfrugtprodukter;Bulgur, parboiled;Korn og kornprodukter;1,87;1444;1,9;45,5;11,8;
Ra00299;Majs, kerner, konserves;Frugt/grøntsagsprodukter;Majs, kerner, konserves;Grøntsager og grøntsagsprodukter;0,69;428;1,1;16,1;3,1;
Ra00300;Ris, parboiled, rå;Korn-/gryn-/bælgfrugtprodukter;Ris, parboiled;Korn og kornprodukter;5,06;1518;1,2;78,1;8,2;
Ra00301;Quinoa, sort, rå;Korn-/gryn-/bælgfrugtprodukter;Quinoa, sort;Korn og kornprodukter;4,63;1461;6,5;42,3;13,7;
Ra00302;Peber, sort;Krydderier/konserveringsmidler/ekstrakter;Peber, sort;Smagsgivere og krydderier;5,19;1274;3,3;44,5;10,9;
Ra00303;Sennep, gul, færdiglavet;Krydderier/konserveringsmidler/ekstrakter;Sennep, gul, færdiglavet;Smagsgivere og krydderier;1,95;691;6,4;20,2;5,7;
Ra00304;Karry, pulver;Krydderier/konserveringsmidler/ekstrakter;Karry, pulver;Smagsgivere og krydderier;6,09;1421;13,8;25,2;12,7;
Ra00305;Bitter, Gammel Dansk Bitter Dram;Drikkevarer;Bitter, Gammel Dansk Bitter Dram;Vin, øl og spiritus;3,57;885;0;0;0;
Ra00306;Cognac;Drikkevarer;Cognac;Vin, øl og spiritus;5,76;928;0;0;0;
Ra00307;Vodka;Drikkevarer;Vodka;Vin, øl og spiritus;3,57;969;0;0;0;
Ra00308;Snaps, 40 % vol., uspec.;Drikkevarer;Snaps, 40 % vol.;Vin, øl og spiritus;3,57;928;0;0;0;
Ra00309;Blomme, rå;Frugt;Blomme;Frugt og frugtprodukter;0,90;199;0,3;9,2;0,5;
Ra00310;Kirsebær, rå;Frugt;Kirsebær;Frugt og frugtprodukter;1,20;234;0,3;11,7;1,4;
Ra00311;Kastanje, ægte, rå;Frugt/grøntsagsprodukter;Kastanje;Nødder og frø;2,31;797;2,7;33,9;2;
Ra00312;Sveske, rå;Frugt/grøntsagsprodukter;Sveske, tørret;Frugt og frugtprodukter;2,73;972;0,7;54,6;2,7;
Ra00313;Abrikos, tørret;Frugt/grøntsagsprodukter;Abrikos, tørret;Frugt og frugtprodukter;2,73;1043;1,7;43,3;3,5;
Ra00314;Abrikos, rå;Frugt;Abrikos;Frugt og frugtprodukter;0,87;170;0,3;7,3;1,3;
Ra00315;Fersken, rå;Frugt;Fersken;Frugt og frugtprodukter;0,71;206;0,4;7,8;0,7;
Ra00316;Nektarin, rå;Frugt;Nektarin;Frugt og frugtprodukter;0,71;177;0;7,8;0,8;
Ra00317;Avocado, rå;Frugt;Avocado;Frugt og frugtprodukter;1,22;711;13,1;0,5;1,9;
Ra00318;Sukker, stødt melis (saccharose);Slik/sukkervarer;Sukker, stødt melis (saccharose);Slik og sukkervarer;2,66;1698;0;99,9;0;
Ra00319;Sukker, brun farin;Slik/sukkervarer;Sukker, brun farin;Slik og sukkervarer;2,45;1624;0;94;0;
Ra00320;Chokolade, fløde;Slik/sukkervarer;Chokolade, lys/mælk;Slik og sukkervarer;4,99;2278;31,7;62,4;7,1;
Ra00321;Nougat;Brød/bageartikler;Nougat;Brød og bageartikler;5,89;2297;32,3;55,9;8,7;
Ra00322;Tyggegummi, uden sukker, uspec.;Slik/sukkervarer;Tyggegummi, uden sukker, uspec.;Slik og sukkervarer;5,94;1451;0;83,6;0,6;
Ra00323;Karameller, blandede;Slik/sukkervarer;Karameller, blandede;Slik og sukkervarer;2,92;2023;20,9;67,7;2,1;
Ra00324;Chokolade, mørk;Slik/sukkervarer;Chokolade, mørk;Slik og sukkervarer;7,86;2294;31,8;59,6;5,7;
Ra00325;Lakrids, salt;Slik/sukkervarer;Lakrids, salt;Slik og sukkervarer;2,72;1507;1;43,4;4,4;
Ra00326;Vingummi;Slik/sukkervarer;Vingummi;Slik og sukkervarer;2,68;1482;0,9;74,4;6,6;
Ra00327;Banan, rå;Frugt;Banan;Frugt og frugtprodukter;0,85;396;0,2;19,7;1,1;
Ra00328;Citron, rå;Frugt;Citron;Frugt og frugtprodukter;0,67;187;1,1;3,1;0,5;
Ra00329;Vandmelon, rå;Frugt;Vandmelon;Frugt og frugtprodukter;0,40;140;0,1;6,5;0,8;
Ra00330;Appelsin, rå;Frugt;Appelsin;Frugt og frugtprodukter;0,56;205;0,1;8,2;0,9;
Ra00331;Honningmelon, rå;Frugt;Honningmelon;Frugt og frugtprodukter;0,60;113;0,2;5,4;0,6;
Ra00332;Lime, rå;Frugt;Lime;Frugt og frugtprodukter;0,60;155;0,2;7,7;0,7;
Ra00333;Ananas, rå;Frugt;Ananas;Frugt og frugtprodukter;0,56;234;0,4;10,8;0,5;
Ra00334;Mango, rå;Frugt;Mango;Frugt og frugtprodukter;1,01;282;0,5;14,2;0,5;
Ra00335;Grapefrugt, rå;Frugt;Grapefrugt;Frugt og frugtprodukter;0,77;185;0,3;7;0,9;
Ra00336;Mandarin, rå;Frugt;Mandarin;Frugt og frugtprodukter;0,65;201;0;8,3;0,8;
Ra00337;Kiwi, rå;Frugt;Kiwi;Frugt og frugtprodukter;0,75;263;0,8;11,7;1;
Ra00338;Kalkun, bryst (filet), kogt/røget, pålæg;Kød/fjerkræ;Kalkunkød, bryst (filet), kogt/røget, pålæg;Kød og fjerkræ;4,35;453;1,8;1,7;21;
Ra00339;Kalkun, kød, rå;Kød/fjerkræ;Kalkunkød;Kød og fjerkræ;4,71;444;2,2;0;21,3;
Ra00340;Kalkunkød, hakket, 5-10% fedt, råt;Kød/fjerkræ;Kalkunkød, hakket, 5-10% fedt;Kød og fjerkræ;4,68;657;8,5;0;20,1;
Ra00341;Sødmælk, 3,5 % fedt;Mælk/æg/erstatningsprodukter;Sødmælk, 3,5 % fedt;Mælk, mejeriprodukter og æg;0,50;264;3,5;4,6;3,4;
Ra00342;Letmælk, 1,5 % fedt;Mælk/æg/erstatningsprodukter;Letmælk, 1,5 % fedt;Mælk, mejeriprodukter og æg;0,45;200;1,6;4,7;3,4;
Ra00343;Minimælk, 0,5 % fedt;Mælk/æg/erstatningsprodukter;Minimælk, 0,5 % fedt;Mælk, mejeriprodukter og æg;0,41;158;0,5;4,8;3,4;
Ra00344;Cacaoskummetmælk (UHT);Mælk/æg/erstatningsprodukter;Kakao, skummetmælk, UHT;Mælk, mejeriprodukter og æg;0,73;251;0,5;9,3;3,5;
Ra00345;Fløde 38 %, piskefløde;Mælk/æg/erstatningsprodukter;Fløde 38 %, piskefløde;Mælk, mejeriprodukter og æg;1,73;1484;38;3;2,1;
Ra00346;Kalvekød, middelfedt, råt;Kød/fjerkræ;Kalvekød, middelfedt;Kød og fjerkræ;74,84;768;11,3;0;20;
Ra00347;Jordnøddesmør;Tilberedte/konserverede fødevarer;Jordnøddesmør;Bælgfrugter og bælgfrugtprodukter;3,83;2636;53,7;12,2;26,1;
Ra00348;Solsikkeolie;Spiseolie/-fedt;Solsikkeolie;Planteprodukter og -drikke;2,79;3700;100;0;0;
Ra00349;Olivenolie;Spiseolie/-fedt;Olivenolie;Planteprodukter og -drikke;5,89;3700;100;0;0;
Ra00350;Rapsolie;Spiseolie/-fedt;Rapsolie;Planteprodukter og -drikke;3,33;3700;100;0;0;
Ra00351;Løg, ristede;Frugt/grøntsagsprodukter;Løg, ristede;Grøntsager og grøntsagsprodukter;4,25;2374;48;22,1;6;
Ra00352;Kartoffelchips, grove;Tilberedte/konserverede fødevarer;Kartoffelchips, grove;Grøntsager og grøntsagsprodukter;4,24;2081;26,4;57,2;6,1;
Ra00353;Tofu, sojabønneost;Tilberedte/konserverede fødevarer;Tofu, sojabønneost;Bælgfrugter og bælgfrugtprodukter;2,09;316;4,2;1,2;7,8;
Ra00354;Linsespirer, rå;Grøntsager;Linsespirer;Grøntsager og grøntsagsprodukter;3,00;522;0,6;19,1;9;
Ra00355;Rødkål, konserves, uden tilsat sukker;Frugt/grøntsagsprodukter;Rødkål, konserves, uden tilsat sukker;Grøntsager og grøntsagsprodukter;0,79;82;0,1;2,9;0,5;
Ra00356;Tomatjuice, konserves;Drikkevarer;Tomatjuice, dåse;Drikkevarer;1,06;79;0,1;3,3;0,8;
Ra00357;Agurk, syltet;Frugt/grøntsagsprodukter;Agurk, syltet;Grøntsager og grøntsagsprodukter;3,07;59;0,2;2,1;0,3;
Ra00358;Kartoffelmos, pulver med tørmælk;Frugt/grøntsagsprodukter;Kartoffelmos, pulver med tørmælk;Grøntsager og grøntsagsprodukter;5,38;1408;1,1;62,5;10,9;
Ra00359;Peber, chili, konserves;Frugt/grøntsagsprodukter;Peber, chili, konserves;Grøntsager og grøntsagsprodukter;1,51;112;0,1;4,9;0,9;
Ra00360;Asier, syltede;Frugt/grøntsagsprodukter;Asier, syltede;Grøntsager og grøntsagsprodukter;3,07;311;0,5;16,5;0,5;
Ra00361;Tomat, flået, konserves;Frugt/grøntsagsprodukter;Tomat, flået, konserves;Grøntsager og grøntsagsprodukter;1,06;90;0,3;3;1,2;
Ra00362;Rødbede, konserves;Frugt/grøntsagsprodukter;Rødbede, konserves;Grøntsager og grøntsagsprodukter;0,86;255;0,3;11,9;1;
Ra00363;Kartoffel, konserves;Frugt/grøntsagsprodukter;Kartoffel, konserves;Grøntsager og grøntsagsprodukter;0,99;236;0,2;10,9;1,4;
Ra00364;Kartoffel, chips (franske kartofler);Tilberedte/konserverede fødevarer;Kartoffel, chips (franske kartofler);Grøntsager og grøntsagsprodukter;4,24;2221;31,9;44,9;5,4;
Ra00365;Bambusskud, konserves, usaltet;Frugt/grøntsagsprodukter;Bambusskud, konserves, usaltet;Grøntsager og grøntsagsprodukter;1,37;106;0,1;3,2;2,6;
Ra00366;Champignon, konserves;Frugt/grøntsagsprodukter;Champignon, konserves;Svampe og svampeprodukter;0,62;92;0,5;0;2,5;
Ra00367;Pommes frites, friturestegt, fastfood;Frugt/grøntsagsprodukter;Pommes frites, friturestegt, fastfood;Grøntsager og grøntsagsprodukter;2,85;1300;14,8;39;3,7;
Ra00368;Tomatpure, koncentreret;Frugt/grøntsagsprodukter;Tomatpure, koncentreret;Grøntsager og grøntsagsprodukter;2,67;375;0,5;14,8;4,3;
Ra00369;Tomatketchup;Krydderier/konserveringsmidler/ekstrakter;Tomatketchup;Smagsgivere og krydderier;2,12;479;2,4;18,4;3;
Ra00370;Baked beans/hvide bønner i tomatsovs, konserves;Frugt/grøntsagsprodukter;Baked beans/hvide bønner i tomatsovs, konserves;Bælgfrugter og bælgfrugtprodukter;1,72;371;0,5;9,6;5,1;
Ra00371;Kartoffelmel;Frugt/grøntsagsprodukter;Kartoffelmel;Grøntsager og grøntsagsprodukter;1,68;1455;0,1;85;0,2;
Ra00372;Grønne ærter, konserves;Frugt/grøntsagsprodukter;Grønne ærter, konserves;Grøntsager og grøntsagsprodukter;2,36;314;0,8;7,7;5,9;
Ra00373;Soja sauce;Krydderier/konserveringsmidler/ekstrakter;Soja sauce;Smagsgivere og krydderier;1,88;237;0;7;6,9;
Ra00374;Sauce, barbeque;Krydderier/konserveringsmidler/ekstrakter;Sauce, barbeque;Smagsgivere og krydderier;2,26;623;0,3;35,8;0;
Ra00375;Hvidvin, uspec.;Drikkevarer;Hvidvin;Vin, øl og spiritus;1,65;344;0;2,6;0,1;
Ra00376;Rosévin;Drikkevarer;Rosévin;Vin, øl og spiritus;1,65;297;0;1,4;0,2;
Ra00377;Rødvin, uspec.;Drikkevarer;Rødvin;Vin, øl og spiritus;1,65;321;0;0,3;0,2;
Ra00378;Hvidvin, mousserende, champagne;Drikkevarer;Hvidvin, mousserende, champagne;Vin, øl og spiritus;1,65;316;0;1,4;0,3;
Ra00379;Bagegær, presset, rå;Brød/bageartikler;Bagegær, presset;Brød og bageartikler;1,18;479;1,9;0;8,4;
Ra00380;Cocktailpølser;Kød/fjerkræ;Grisekød, cocktailpølser;Kød og fjerkræ;2,16;1349;28;3,4;15;
Ra00381;Pesto;Krydderier/konserveringsmidler/ekstrakter;Pesto;Smagsgivere og krydderier;4,24;1547;35;10;4,7;
Ra00382;Lasagne, oksekød, færdigretter;Tilberedte/konserverede fødevarer;Lasagne, oksekød, færdigretter;Færdigretter;12,16;521;5,3;12;6,8;
Ra00383;Lasagne, vegetarisk, færdigretter;Tilberedte/konserverede fødevarer;Lasagne, vegetarisk, færdigretter;Færdigretter;1,53;324;3;9,5;2,6;
Ra00384;Daal, færdigretter;Tilberedte/konserverede fødevarer;Daal, færdigretter;Færdigretter;2,11;448;2,8;14;5,6;
Ra00385;Sushi, færdigretter;Tilberedte/konserverede fødevarer;Sushi, færdigretter;Færdigretter;2,30;718;5,6;23;6,7;
Ra00386;Hakket kylling;Kød/fjerkræ;Kylling, hakket;Kød og fjerkræ;5,71;621;8,5;0;18;
Ra00387;Pizzadej;Brød/bageartikler;Pizzadej;Brød og bageartikler;1,07;935;1,4;44,2;6,8;
Ra00388;Frisk pasta, fettucine spinat;Tilberedte/konserverede fødevarer;Frisk pasta, fettucine spinat;Korn og kornprodukter;1,53;1120;2,5;48;11;
Ra00389;Tunsalat;Krydderier/konserveringsmidler/ekstrakter;Tunsalat;Smagsgivere og krydderier;2,06;766;14;5,1;9,4;
Ra00390;Æggesalat;Tilberedte/konserverede fødevarer;Æggesalat;Smagsgivere og krydderier;1,50;982;22;3,7;6,3;
Ra00391;Frikadeller;Kød/fjerkræ;Grisekød, frikadeller;Kød og fjerkræ;3,61;908;15;6,5;14;
Ra00392;Hummus, færdig;Krydderier/konserveringsmidler/ekstrakter;Hummus, færdig;Bælgfrugter og bælgfrugtprodukter;2,26;1165;20;16;7,7;
Ra00393;Lasagne, vegansk, færdigretter;Tilberedte/konserverede fødevarer;Lasagne, vegansk, færdigretter;Færdigretter;1,46;476;4;13;5,7;
Ra00394;Pandekager, færdigretter;Tilberedte/konserverede fødevarer;Pandekager, færdigretter;Færdigretter;2,44;1113;9,6;36,5;7,5;
Ra00395;Kartoffelgratin / flødekartofler;Frugt/grøntsagsprodukter;Kartoffelgratin / flødekartofler;Grøntsager og grøntsagsprodukter;1,07;505;7,4;12;1,6;
Ra00396;Kebab;Kød/fjerkræ;Oksekød, kebab;Kød og fjerkræ;53,92;697;6;2,5;25;
Ra00397;Icetea, fersken;Drikkevarer;Iste, icetea, fersken, tetra brik;Drikkevarer;0,94;140;0;8;0;
Ra00398;Energidrik;Drikkevarer;Energidrik, dåse;Drikkevarer;0,58;195;0;11;0;
Ra00399;Alko-sodavand, 4 %;Drikkevarer;Alko-sodavand, 4 % vol.;Vin, øl og spiritus;0,90;67;0;9;0;
Ra00400;Salsa, hot;Frugt/grøntsagsprodukter;Salsa, hot;Smagsgivere og krydderier;1,42;130;0,1;5,5;1,2;
Ra00401;Tortillabrød, hvede;Brød/bageartikler;Tortillabrød, hvede;Brød og bageartikler;1,16;1300;7,5;51;8;
Ra00402;Pizzasovs;Frugt/grøntsagsprodukter;Pizzasovs;Grøntsager og grøntsagsprodukter;1,92;150;0,5;5,4;1,6;
Ra00403;Pastasovs;Frugt/grøntsagsprodukter;Pastasovs;Grøntsager og grøntsagsprodukter;1,92;128;0,2;4,5;1,3;
Ra00404;Kokosmælk;Frugt/grøntsagsprodukter;Kokosmælk;Grøntsager og grøntsagsprodukter;6,33;764;19;2;1,6;
Ra00405;Hvidløgsbaguette, frossen;Tilberedte/konserverede fødevarer;Hvidløgsbaguette, frost;Brød og bageartikler;1,44;1244;14;36;5,7;
Ra00406;Müslibar, chokolade;Korn-/gryn-/bælgfrugtprodukter;Müslibar, chokolade;Korn og kornprodukter;3,01;1910;17,6;65,8;6,8;
Ra00407;Cup noodles chicken;Tilberedte/konserverede fødevarer;Kopnudler, kylling;Færdigretter;1,89;335;3,4;10,3;1,9;
Ra00408;Skivet champignon;Frugt/grøntsagsprodukter;Skivet champignon;Svampe og svampeprodukter;0,32;76;0,4;0,2;2,1;
Ra00409;Mikroovns popcorn;Frugt/grøntsagsprodukter;Mikroovns popcorn;Korn og kornprodukter;1,81;1936;25;46,4;8,4;
Ra00410;Thai meal panang curry chicken;Tilberedte/konserverede fødevarer;Thai meal panang curry chicken, færdigret;Færdigretter;3,61;638;4,6;21;6,1;
Ra00411;Pommes frites, frost;Frugt/grøntsagsprodukter;Pommes frites, frost;Grøntsager og grøntsagsprodukter;0,80;609;4,4;23;2,4;
Ra00412;Æbleskiver;Brød/bageartikler;Æbleskiver;Brød og bageartikler;1,54;878;6,5;31;6;
Ra00413;Kikærter, dåse;Frugt/grøntsagsprodukter;Kikærter, konserves;Bælgfrugter og bælgfrugtprodukter;1,15;303;1;9;4;
Ra00414;Haricots verts, frost;Grøntsager;Grønne bønner, haricots verts, frost;Grøntsager og grøntsagsprodukter;2,16;140;0;4,1;2;
Ra00415;Tortilla chips, cheese;Tilberedte/konserverede fødevarer;Tortilla chips, cheese;Korn og kornprodukter;2,43;2041;25,6;55,5;6,7;
Ra00416;Aspargessnitter;Frugt/grøntsagsprodukter;Aspargessnitter;Grøntsager og grøntsagsprodukter;1,79;69;0,1;2,2;1,3;
Ra00417;Majs, hele kolber;Grøntsager;Majs, hele kolber;Grøntsager og grøntsagsprodukter;0,98;443,8;2,4;22;3,1;
Ra00418;Rucola salat, skyllet;Tilberedte/konserverede fødevarer;Rucola salat, skyllet;Grøntsager og grøntsagsprodukter;0,57;146;0,7;3,7;2,6;
Ra00419;Oliven tapenade;Frugt/grøntsagsprodukter;Oliven tapenade;Grøntsager og grøntsagsprodukter;2,77;1040;25,1;3,6;1,4;
Ra00420;Fyldt frisk pasta;Tilberedte/konserverede fødevarer;Fyldt frisk pasta;Korn og kornprodukter;1,88;1021;6;36;11;
Ra00421;Pepperoni;Kød/fjerkræ;Grisekød, pepperoni;Kød og fjerkræ;5,70;2153;49;1;19;
Ra00422;Kidney bønner;Frugt/grøntsagsprodukter;Kidney bønner, konserves;Bælgfrugter og bælgfrugtprodukter;1,17;299;1;9;5;
Ra00423;Kylling, hel;Kød/fjerkræ;Kylling, hel;Kød og fjerkræ;3,27;635;8,9;0,5;18;
Ra00424;Chorizo, skivet;Kød/fjerkræ;Grisekød, chorizo, skivet;Kød og fjerkræ;5,96;1202;21;1;24;
Ra00425;Kartoffelsalat;Frugt/grøntsagsprodukter;Kartoffelsalat;Grøntsager og grøntsagsprodukter;1,25;625;10;12;2;
Ra00426;Cider  4,5 %;Drikkevarer;Cider  4,5 % vol.;Vin, øl og spiritus;1,15;237;0;7,3;0;
Ra00427;Falafel, frost;Frugt/grøntsagsprodukter;Falafel, frost;Planteprodukter og -drikke;2,11;1220;12;24;7,5;
Ra00428;Biksemad, okse, færdigretter;Tilberedte/konserverede fødevarer;Biksemad, okse, færdigretter;Færdigretter;18,91;616;5,2;14;10;
Ra00429;Biksemad, blandet kød, færdigretter;Tilberedte/konserverede fødevarer;Biksemad, blandet kød, færdigretter;Færdigretter;12,55;595;6,5;15;5;
Ra00430;Grøntsagsbøffer;Frugt/grøntsagsprodukter;Grøntsagsbøf;Planteprodukter og -drikke;1,52;781;8;23,2;3,6;
Ra00431;Forårsruller, grøntsager, færdigretter;Tilberedte/konserverede fødevarer;Forårsruller, grøntsager, færdigretter;Færdigretter;3,11;723;7;22;3,7;
Ra00432;Forårsruller, kylling, færdigretter;Tilberedte/konserverede fødevarer;Forårsruller, kylling, færdigretter;Færdigretter;2,58;630;4,7;19,2;6,5;
Ra00433;Forårsruller, oksekød, færdigretter;Tilberedte/konserverede fødevarer;Forårsruller, oksekød, færdigretter;Færdigretter;5,36;637;4,9;19,3;6,4;
Ra00434;Boller i karry med ris og karrysauce, færdigretter;Tilberedte/konserverede fødevarer;Boller i karry med ris og karrysauce, færdigretter;Færdigretter;2,35;538;6,5;13;4,5;
Ra00435;Porretærte med bacon, færdigretter;Tilberedte/konserverede fødevarer;Porretærte med bacon, færdigretter;Færdigretter;1,42;1044;16;19;6;
Ra00436;Parisertoast, færdigretter;Tilberedte/konserverede fødevarer;Parisertoast, færdigretter;Færdigretter;1,60;1159;9,6;35;12;
Ra00437;Kapers;Frugt/grøntsagsprodukter;Kapers;Grøntsager og grøntsagsprodukter;1,05;97;0,9;4,7;1,9;
Ra00438;Babymajs;Frugt/grøntsagsprodukter;Babymajs;Grøntsager og grøntsagsprodukter;0,69;109;0,1;4;1,4;
Ra00439;Sorte bønner;Frugt/grøntsagsprodukter;Sorte bønner, konserves;Bælgfrugter og bælgfrugtprodukter;1,17;303;0,6;8;5,3;
Ra00440;Halve ferskner i juice;Frugt/grøntsagsprodukter;Halve ferskner i juice;Frugt og frugtprodukter;1,65;208;0,1;11,2;0,5;
Ra00441;Marinerede artiskokker;Frugt/grøntsagsprodukter;Marinerede artiskokker;Grøntsager og grøntsagsprodukter;4,15;278;5,5;2,6;1,8;
Ra00442;Cornichoner;Frugt/grøntsagsprodukter;Cornichoner;Grøntsager og grøntsagsprodukter;3,07;110;1,3;2,2;1;
Ra00443;Hvidløg i olie;Frugt/grøntsagsprodukter;Hvidløg i olie;Grøntsager og grøntsagsprodukter;2,46;1014;9,8;31,5;6,2;
Ra00444;Halve pærer i juice;Frugt/grøntsagsprodukter;Halve pærer i juice;Frugt og frugtprodukter;1,23;191;0,1;10,5;0,3;
Ra00445;Marinerede grillede peberfrugter;Frugt/grøntsagsprodukter;Marinerede grillede peberfrugter;Grøntsager og grøntsagsprodukter;2,53;159;0,9;5,5;0,9;
Ra00446;Tahin, sesampasta;Krydderier/konserveringsmidler/ekstrakter;Tahin, sesampasta;Smagsgivere og krydderier;7,70;2784;61,4;10,5;21;
Ra00447;Soltørrede tomater;Frugt/grøntsagsprodukter;Soltørrede tomater;Grøntsager og grøntsagsprodukter;2,72;851;15,3;12,2;2,7;
Ra00448;Røde linser, tørrede;Frugt/grøntsagsprodukter;Røde linser, tørrede;Bælgfrugter og bælgfrugtprodukter;3,08;1520;6,9;49;20;
Ra00449;Ajvar, relish;Krydderier/konserveringsmidler/ekstrakter;Ajvar, relish;Grøntsager og grøntsagsprodukter;2,96;417;6;13;1;
Ra00450;Vegansk bønnepostej;Frugt/grøntsagsprodukter;Vegansk bønnepostej;Planteprodukter og -drikke;2,14;1001;7,6;29;9,7;
Ra00451;Plantepostej, ærteprotein og svamp;Frugt/grøntsagsprodukter;Plantepostej, ærteprotein og svamp;Planteprodukter og -drikke;0,93;887;16;5,1;11;
Ra00452;Chilli cheese tops;Tilberedte/konserverede fødevarer;Chilli cheese tops;Mælk, mejeriprodukter og æg;1,43;1064;13;25;8,5;
Ra00453;Mozarella sticks;Tilberedte/konserverede fødevarer;Mozarella sticks;Mælk, mejeriprodukter og æg;1,60;1341;18;20;18;
Ra00454;Chili con carne, færdigretter;Tilberedte/konserverede fødevarer;Chili con carne, færdigretter;Færdigretter;30,41;341;4;4,8;6;
Ra00455;Vegansk boller, sojabaseret;Tilberedte/konserverede fødevarer;Vegansk bolle, sojabaseret;Planteprodukter og -drikke;0,66;750;10;3,9;15;
Ra00456;Veganske schnitzler, sojabaseret;Tilberedte/konserverede fødevarer;Vegansk schnitzel, sojabaseret;Planteprodukter og -drikke;1,87;963;13;13;13;
Ra00457;Vegansk burgere, sojabaseret;Tilberedte/konserverede fødevarer;Vegansk burger, sojabaseret;Planteprodukter og -drikke;0,69;692;9;3,9;15;
Ra00458;Vegansk fars, plantefars, ærtebaseret;Tilberedte/konserverede fødevarer;Vegansk fars, plantefars, ærtebaseret;Planteprodukter og -drikke;0,88;880;11;9,6;18;
Ra00459;Veganske pølser, sojabaseret;Tilberedte/konserverede fødevarer;Vegansk pølse, sojabaseret;Planteprodukter og -drikke;1,43;743;11;4,3;13;
Ra00460;Veganske nuggets, sojabaseret;Tilberedte/konserverede fødevarer;Vegansk nugget, sojabaseret;Planteprodukter og -drikke;1,95;903;10;15;14;
Ra00461;Vegansk pulled beans;Tilberedte/konserverede fødevarer;Vegansk pulled beans;Planteprodukter og -drikke;1,89;586;0,5;2,3;27,4;
Ra00462;Pulled pork;Kød/fjerkræ;Grisekød, pulled pork;Kød og fjerkræ;4,52;534;6,4;1,5;16;
Ra00463;Pulled beef;Kød/fjerkræ;Oksekød, pulled beef;Kød og fjerkræ;56,34;511;3,6;4;18;
Ra00464;Vegansk chorizo;Tilberedte/konserverede fødevarer;Vegansk chorizo;Planteprodukter og -drikke;1,68;744;10,4;4,1;14,6;
Ra00465;Risnudler;Tilberedte/konserverede fødevarer;Risnudler;Korn og kornprodukter;4,93;1515;1,2;82;5,1;
Ra00466;Jalapenos;Frugt/grøntsagsprodukter;Jalapenos;Grøntsager og grøntsagsprodukter;1,51;138;0,5;6;1;
Ra00467;Taco shells;Tilberedte/konserverede fødevarer;Taco shells;Korn og kornprodukter;2,37;2000;21,6;63,8;5,9;
Ra00468;Mango chutney;Krydderier/konserveringsmidler/ekstrakter;Mango chutney;Frugt og frugtprodukter;3,12;940;0;55;0;
Ra00469;Grøn karrypasta;Krydderier/konserveringsmidler/ekstrakter;Grøn karrypasta;Smagsgivere og krydderier;2,06;662;12;8,7;1,6;
Ra00470;Nudler, æg;Tilberedte/konserverede fødevarer;Nudler, æg;Korn og kornprodukter;1,74;1477;2,1;68;14,3;
Ra00471;Rispandekager;Korn-/gryn-/bælgfrugtprodukter;Rispandekager;Korn og kornprodukter;4,50;1430;0,5;77,4;5,8;
Ra00472;Vegansk is, havre;Tilberedte/konserverede fødevarer;Vegansk is, havre;Planteprodukter og -drikke;2,31;888;9,9;27,3;1,2;
Ra00473;Vegansk mayo;Krydderier/konserveringsmidler/ekstrakter;Vegansk mayo;Smagsgivere og krydderier;2,67;2572;68,8;0,9;0,6;
Ra00474;Svampeburger;Tilberedte/konserverede fødevarer;Vegansk svampeburger;Planteprodukter og -drikke;1,34;679;7,1;4,1;19;
Ra00475;Vegansk pålæg;Frugt/grøntsagsprodukter;Vegansk pålæg;Planteprodukter og -drikke;2,67;680;14;1,3;7,8;
Ra00476;Vegansk blok;Mælk/æg/erstatningsprodukter;Vegansk blok;Planteprodukter og -drikke;2,60;2804;75;0,5;0,5;
Ra00477;Plantemagarine;Spiseolie/-fedt;Plantemagarine;Planteprodukter og -drikke;2,49;2237;60;0,5;0,5;
Ra00478;Vegansk bacon;Tilberedte/konserverede fødevarer;Vegansk bacon;Planteprodukter og -drikke;0,35;880;5,9;3,2;35,3;
Ra00479;Veganske filetstykker;Tilberedte/konserverede fødevarer;Veganske filetstykker;Planteprodukter og -drikke;1,78;655;4,7;1,2;22,5;
Ra00480;Falafel-fars;Tilberedte/konserverede fødevarer;Falafel-fars;Planteprodukter og -drikke;2,06;655;4,1;20;6,5;
Ra00481;Ærtedrik;Mælk/æg/erstatningsprodukter;Ærtedrik;Planteprodukter og -drikke;0,71;45;3,1;3,8;0,5;
Ra00482;Portobello-svamp;Grøntsager;Portobello-svamp;Svampe og svampeprodukter;0,26;137;1,5;5,1;2,5;
Ra00483;Madkorn, kamut;Korn-/gryn-/bælgfrugtprodukter;Madkorn, kamut;Korn og kornprodukter;1,87;1390;2;63,5;13,9;
Ra00484;Chilisauce;Krydderier/konserveringsmidler/ekstrakter;Chilisauce;Smagsgivere og krydderier;2,10;975;0,7;55,1;0,6;
Ra00485;Rødløg;Grøntsager;Rødløg;Grøntsager og grøntsagsprodukter;0,81;209;0,3;10;1,6;
Ra00486;Basilikum, frisk;Grøntsager;Basilikum, frisk;Grøntsager og grøntsagsprodukter;0,38;92,11;0,6;2,7;3,2;
Ra00487;Basilikum, tørret;Krydderier/konserveringsmidler/ekstrakter;Basilikum, tørret;Smagsgivere og krydderier;2,80;1012;4;10,1;23;
Ra00488;Koldskål;Mælk/æg/erstatningsprodukter;Koldskål;Mælk, mejeriprodukter og æg;0,87;315;2,2;11;3,2;
Ra00489;Oksekød, lavt fedtindhold;Kød/fjerkræ;Oksekød, lavt fedtindhold;Kød og fjerkræ;53,19;570;5,5;0,5;21;
Ra00490;Grillpølser;Kød/fjerkræ;Grisekød, grillpølser;Kød og fjerkræ;2,16;1201;25;4;12;
Ra00491;Æblejuice;Drikkevarer;Æblejuice, plastflaske;Drikkevarer;1,68;183;0,5;10;0,5;
Ra00492;Hakket lammekød;Kød/fjerkræ;Lammekød, hakket;Kød og fjerkræ;34,73;639;14;0;20;
Ra00493;Burgerboller;Brød/bageartikler;Burgerbolle;Brød og bageartikler;1,16;1258;5,6;53;8,6;
Ra00494;Blåskimmelost, ost;Mælk/æg/erstatningsprodukter;Blåskimmelost, ost;Mælk, mejeriprodukter og æg;1,60;1623;36;0,1;17;
Ra00495;Gedeost, ost;Mælk/æg/erstatningsprodukter;Gedeost, ost;Mælk, mejeriprodukter og æg;1,60;1393;28;1;20;
Ra00496;Vegansk ost, revet eller skiver;Mælk/æg/erstatningsprodukter;Vegansk ost, revet eller skiver;Planteprodukter og -drikke;1,00;1037;17;22,8;1,3;
Ra00497;Samosa, vegetarisk frost;Tilberedte/konserverede fødevarer;Samosa, vegetarisk frost;Færdigretter;1,28;791;10,2;21,3;3;
Ra00498;Pålægschokolade;Slik/sukkervarer;Pålægschokolade;Slik og sukkervarer;4,99;2403;40;44;8,9;
Ra00499;Nutella, nøddecreme;Slik/sukkervarer;Nutella, nøddecreme;Slik og sukkervarer;5,16;2278;31,6;57,6;6;
Ra00500;Smoothie, jordbær blåbær;Drikkevarer;Smoothie, jordbær/blåbær;Drikkevarer;1,84;183;0;9,5;0,4;
Ra00501;;;Grisekød, gennemsnitligt;Kød og fjerkræ;4,69;1050;20;0;18;
Ra00502;;;Kyllingekød, gennemsnitligt;Kød og fjerkræ;3,27;840;8;0;27;
Ra00503;;;Oksekød, gennemsnitligt;Kød og fjerkræ;74,84;1060;15;0;20;
Ra00504;;;Gazpacho;Færdigretter;;180;1,5;4;1,5;
Ra00505;;;Spansk kartoffeltortilla;Færdigretter;;800;15;18;6;
Ra00506;;;Churros, frost;Færdigretter;;1140;9;43;4;
Ra00507;;;Turrón, hård;Færdigretter;;2050;32;43;11;
Ra00508;;;Turrón, blød;Færdigretter;;2080;30;46;9;
Ra00509;;; Turrón med æggeblomme;Færdigretter;;1970;26;50;9;
Ra00510;;;Serranoskinke, skiver;Kød og fjerkræ;;1080;18;1;29;
Ra00511;;;Iberisk skinke, skiver;Kød og fjerkræ;;1300;22;1;29;
Ra00512;;;Sobrasada;Kød og fjerkræ;;2450;57;3;20;
Ra00513;;;Ansjosfileter i olivenolie;Fisk og skaldyr;;900;12;0;26;
Ra00514;;;Salmorejo;Færdigretter;;480;7;4;2,5;
Ra00515;;;Skaldyrs-paella, frost;Færdigretter;;550;5;15;7;
Ra00516;;;Færdigblandet salat;Frugt og frugtprodukter;;300;2;8;2;
Ra00517;;;Flaskevand uden brus;Drikkevarer;0,49;0;0;0;0;
Ra00518;;;Horchata;Færdigretter;;440;3;18;1;
Ra00519;;;Croissant;Brød og bageartikler;;1680;21;45;7;
Ra00520;;;Camembert;Mælk, mejeriprodukter og æg;;1210;24;0,5;21;
Ra00521;;;Paté;Færdigretter;5,20;1280;28;1;14;
Ra00522;;;Crème brûlée;Færdigretter;;980;11;25;4;
Ra00523;;;Cassoulet, dåse;Færdigretter;;590;6;12;8;
Ra00524;;;Pain au chocolat;Brød og bageartikler;;1620;22;42;7;
Ra00525;;;Hvid skinke;Kød og fjerkræ;;620;3;1;22;
Ra00526;;;Røget skinke;Kød og fjerkræ;;750;6;1;21;
Ra00527;;;Pølser som chipolata;Kød og fjerkræ;;1200;23;0;17;
Ra00528;;;Tørret pølse;Kød og fjerkræ;;1800;35;0;28;
Ra00529;;;Madeleinekage;Brød og bageartikler;;2000;28;48;6;
Ra00530;;;Baguette;Brød og bageartikler;;1050;1;56;8;
Ra00531;;;Foie gras terrine;Kød og fjerkræ;;1800;35;2;7;
Ra00532;;;Foie gras, rå;Kød og fjerkræ;;1760;40;2;6;
Ra00533;;;Chokoladekrymmel;Slik og sukkervarer;;2000;22;65;4;
Ra00534;;;Fuldkornsbrød;Brød og bageartikler;;980;3;40;7;
Ra00535;;;Dropjes lakridser;Slik og sukkervarer;;1400;0;85;0;
Ra00536;;;Spekulatius (krydret småkage);Brød og bageartikler;;2000;25;66;5;
Ra00537;;;Goudaost;Mælk, mejeriprodukter og æg;;1660;33;2;24;
Ra00538;;;Frugtsirup;Slik og sukkervarer;;1000;0;60;0;
Ra00539;;;Røgpølse;Kød og fjerkræ;;1100;23;2;12;
Ra00540;;;Sild i lage (NL), glas;Fisk og skaldyr;;840;17;1;14;
;;;;;;;;;;
